Ã…r,AL,AT,BA,BE,BG,CH,CY,CZ,DE,DK,EA,EA12,EA19,EA20,EE,EL,ES,EU15,EU27,EU28,FI,FR,HR,HU,IE,IS,IT,LI,LT,LU,LV,ME,MK,MT,NL,NO,PL,PT,RO,RS,SE,SI,SK,TR,UK,XK,NO SSB,NOf,US,0%,1%,2%,3%,4%
1947-12-31,,,,,,,,,,,,,,,,,,,,,,,,,,,,,,,,,,,,,,,,,,,,,,,,,-1.2457028978887852,0.0,-0.5700000000000001,-1.1400000000000001,-1.71,-2.2800000000000002
1948-12-31,,,,,,,,,,,,,,,,,,,,,,,,,,,,,,,,,,,,,,,,,,,,,,,,,-1.2227223403647391,0.0,-0.56,-1.12,-1.68,-2.24
1949-12-31,,,,,,,,,,,,,,,,,,,,,,,,,,,,,,,,,,,,,,,,,,,,,,,,,-1.2455057305802502,0.0,-0.55,-1.1,-1.65,-2.2
1950-12-31,,,,,,,,,,,,,,,,,,,,,,,,,,,,,,,,,,,,,,,,,,,,,,,,,-1.1784661752757382,0.0,-0.54,-1.08,-1.6199999999999999,-2.16
1951-12-31,,,,,,,,,,,,,,,,,,,,,,,,,,,,,,,,,,,,,,,,,,,,,,,,,-1.118348969591045,0.0,-0.53,-1.06,-1.5899999999999999,-2.12
1952-12-31,,,,,,,,,,,,,,,,,,,,,,,,,,,,,,,,,,,,,,,,,,,,,,,,,-1.0955317075921496,0.0,-0.52,-1.04,-1.56,-2.08
1953-12-31,,,,,,,,,,,,,,,,,,,,,,,,,,,,,,,,,,,,,,,,,,,,,,,,,-1.0661540045415947,0.0,-0.51,-1.02,-1.53,-2.04
1954-12-31,,,,,,,,,,,,,,,,,,,,,,,,,,,,,,,,,,,,,,,,,,,,,,,,,-1.0894536259547767,0.0,-0.5,-1.0,-1.5,-2.0
1955-12-31,,,,,,,,,,,,,,,,,,,,,,,,,,,,,,,,,,,,,,,,,,,,,,,,,-1.0382099029555416,0.0,-0.49000000000000005,-0.9800000000000001,-1.47,-1.9600000000000002
1956-12-31,,,,,,,,,,,,,,,,,,,,,,,,,,,,,,,,,,,,,,,,,,,,,,,,,-1.0347492740629525,0.0,-0.4800000000000001,-0.9600000000000002,-1.44,-1.9200000000000004
1957-12-31,,,,,,,,,,,,,,,,,,,,,,,,,,,,,,,,,,,,,,,,,,,,,,,,,-1.031955394260173,0.0,-0.4700000000000001,-0.9400000000000002,-1.41,-1.8800000000000003
1958-12-31,,,,,,,,,,,,,,,,,,,,,,,,,,,,,,,,,,,,,,,,,,,,,,,,,-1.0559996745415532,0.0,-0.4600000000000001,-0.9200000000000002,-1.38,-1.8400000000000003
1959-12-31,,,,,,,,,,,,,,,,,,,,,,,,,,,,,,,,,,,,,,,,,,,,,,,,,-1.006100051748053,0.0,-0.45000000000000007,-0.9000000000000001,-1.35,-1.8000000000000003
1960-12-31,,,,,,,,,,,,,,,,,,,,,,,,,,,,,,,,,,,,,,,,,,,,,,,,,-1.0009084735490674,0.0,-0.44000000000000006,-0.8800000000000001,-1.3199999999999998,-1.7600000000000002
1961-12-31,,,,,,,,,,,,,,,,,,,,,,,,,,,,,,,,,,,,,,,,,,,,,,,,,-0.9920458984619067,0.0,-0.43000000000000005,-0.8600000000000001,-1.29,-1.7200000000000002
1962-12-31,,,,,,,,,,,,,,,,,,,,,,,,,,,,,,,,,,,,,,,,,,,,,,,,,-0.9479239106360406,0.0,-0.42000000000000004,-0.8400000000000001,-1.26,-1.6800000000000002
1963-12-31,,,,,,,,,,,,,,,,,,,,,,,,,,,,,,,,,,,,,,,,,,,,,,,,,-0.9195818498608404,0.0,-0.41000000000000003,-0.8200000000000001,-1.23,-1.6400000000000001
1964-12-31,,,,,,,,,,,,,,,,,,,,,,,,,,,,,,,,,,,,,,,,,,,,,,,,,-0.8773155360866731,0.0,-0.4,-0.8,-1.2,-1.6
1965-12-31,,,,,,,,,,,,,,,,,,,,,,,,,,,,,,,,,,,,,,,,,,,,,,,,,-0.8268445165198042,0.0,-0.39000000000000007,-0.7800000000000001,-1.17,-1.5600000000000003
1966-12-31,,,,,,,,,,,,,,,,,,,,,,,,,,,,,,,,,,,,,,,,,,,,,,,,,-0.7745246971338613,0.0,-0.38000000000000006,-0.7600000000000001,-1.1400000000000001,-1.5200000000000002
1967-12-31,,,,,,,,,,,,,,,,,,,,,,,,,,,,,,,,,,,,,,,,,,,,,,,,,-0.7583364696979675,0.0,-0.37000000000000005,-0.7400000000000001,-1.1099999999999999,-1.4800000000000002
1968-12-31,,,,,,,,,,,,,,,,,,,,,,,,,,,,,,,,,,,,,,,,,,,,,,,,,-0.7203383731407129,0.0,-0.3600000000000001,-0.7200000000000002,-1.08,-1.4400000000000004
1969-12-31,,,,,,,,,,,,,,,,,,,,,,,,,,,,,,,,,,,,,,,,,,,,,,,,,-0.6995067920311921,0.0,-0.3500000000000001,-0.7000000000000002,-1.05,-1.4000000000000004
1970-12-31,,,,,,,,,,,,,,,,,,,,,,,,,,,,,,,,,,,,,,,,,,,,,,,,,-0.7092345250173402,0.0,-0.3400000000000001,-0.6800000000000002,-1.02,-1.3600000000000003
1971-12-31,,,,,,,,,,,,,,,,,,,,,,,,,,,,,,,,,,,,,,,,,,,,,,,,,-0.6894115038234956,0.0,-0.33000000000000007,-0.6600000000000001,-0.99,-1.3200000000000003
1972-12-31,,,,,,,,,,,,,,,,,,,,,,,,,,,,,,,,,,,,,,,,,,,,,,,,,-0.6487964385410141,0.0,-0.32000000000000006,-0.6400000000000001,-0.96,-1.2800000000000002
1973-12-31,,,,,,,,,,,,,,,,,,,,,,,,,,,,,,,,,,,,,,,,,,,,,,,,,-0.6035384776007842,0.0,-0.31000000000000005,-0.6200000000000001,-0.9299999999999999,-1.2400000000000002
1974-12-31,,,,,,,,,,,,,,,,,,,,,,,,,,,,,,,,,,,,,,,,,,,,,,,,,-0.6183775388560564,0.0,-0.30000000000000004,-0.6000000000000001,-0.9,-1.2000000000000002
1975-12-31,,,,,,,,,,-0.5950284118437281,,,,,,,,,,,,-0.5529814956243735,,,,,,,,,,,,,,-0.7869110825954051,,,,,,,,,,,,,-0.6297322555705565,0.0,-0.29000000000000004,-0.5800000000000001,-0.87,-1.1600000000000001
1976-12-31,,,,,,,,,,-0.5394139996785423,,,,,,,,,,,,-0.5145026537483526,,,,,,,,,,,,,,-0.7351124003563969,,,,,,,,,,,,,-0.5870466977804432,0.0,-0.2800000000000001,-0.5600000000000002,-0.84,-1.1200000000000003
1977-12-31,,,,,,,,,,-0.5229238626637756,,,,,,,,,,,,-0.4833727431428212,,,,,,,,,,,,,,-0.6985925623477183,,,,,,,,,,,,,-0.5518297242331345,0.0,-0.2700000000000001,-0.5400000000000001,-0.81,-1.0800000000000003
1978-12-31,,,,,,,,,,-0.5021377796624051,,,,,,,,,,,,-0.4492633537447128,,,,,,,,,,,,,,-0.6643976383922343,,,,,,,,,,,,,-0.5083439616956023,0.0,-0.26000000000000006,-0.5200000000000001,-0.78,-1.0400000000000003
1979-12-31,,,,,,,,,,-0.4649394322492526,,,,,,,,,,,,-0.4175159068751171,,,,,,,,,,,,,,-0.6251613923226724,,,,,,,,,,,,,-0.48854173180153637,0.0,-0.25000000000000006,-0.5000000000000001,-0.75,-1.0000000000000002
1980-12-31,,,,,,,,,,-0.4737379991549293,,,,,,,,,,,-0.5507337264761949,-0.406381556469225,,,,,,,,,,,,,,-0.5836291008607937,,,,,,,,,,,,,-0.5027996765708167,0.0,-0.24000000000000005,-0.4800000000000001,-0.72,-0.9600000000000002
1981-12-31,,,,,,,,,,-0.4806520655083055,,,,,,,,,,,-0.5417606197239238,-0.3998864098167374,,,,,,,,,,,,,,-0.5712450451572764,,,,,,,,,,,,,-0.4876592205291086,0.0,-0.23000000000000004,-0.4600000000000001,-0.69,-0.9200000000000002
1982-12-31,,,,,,,,,,-0.4418491249138823,,,,,,,,,,,-0.5165054377159537,-0.38095236159393675,,,,,,,,,,,,,,-0.5725144974924987,,,,,,,,,,,,,-0.5153890870010436,0.0,-0.22000000000000003,-0.44000000000000006,-0.6599999999999999,-0.8800000000000001
1983-12-31,,,,,,,,,,-0.41482022483206826,,,,,,,,,,,-0.49250730487438776,-0.373832370397019,,,,,,,,,,,,,,-0.536728744623165,,,,,,,,,,,,,-0.47948709541962664,0.0,-0.21000000000000008,-0.42000000000000015,-0.6299999999999999,-0.8400000000000003
1984-12-31,,,,,,,,,,-0.3717647056077773,,,,,,,,,,,-0.46576012176739034,-0.3626069448869105,,,,,,,,,,,,,,-0.48090048697641485,,,,,,,,,,,,,-0.41844709391172863,0.0,-0.20000000000000007,-0.40000000000000013,-0.6000000000000001,-0.8000000000000003
1985-12-31,,,,,,,,,,-0.3313974043470598,,,,,,,,,,,-0.4351750680442992,-0.3522446885001562,,,,,,,,,,,,,,-0.42998643548801674,,,,,,,,,,,,,-0.3865277546097232,0.0,-0.19000000000000006,-0.3800000000000001,-0.5700000000000001,-0.7600000000000002
1986-12-31,,,,,,,,,,-0.28642391037039694,,,,,,,,,,,-0.41176490434040947,-0.3340181355993401,,,,,,,,,,,,,,-0.39371160440589925,,,,,,,,,,,-0.3949561677375133,-0.30882534583091825,-0.3615788012473047,0.0,-0.18000000000000005,-0.3600000000000001,-0.54,-0.7200000000000002
1987-12-31,,,,,,,,,,-0.28333388406154114,,,,,,,,,,,-0.37895837121212406,-0.31364079212738893,,,,,,,,,,,,,,-0.3811152846537933,,,,,,,,,,,-0.3817115734591052,-0.301177259526634,-0.33650858180434184,0.0,-0.17000000000000004,-0.3400000000000001,-0.51,-0.6800000000000002
1988-12-31,,,,,,,,,,-0.2810606260510857,,,,,,,,,,,-0.33108062250931525,-0.2721668913547637,,,,,,,,,,,,,,-0.3888954826682234,,,,,,,,,,,-0.38861316748030106,-0.31914283123301246,-0.3046764362371439,0.0,-0.16000000000000003,-0.32000000000000006,-0.48,-0.6400000000000001
1989-12-31,,,,,,,,,,-0.2745194276887597,,,,,,,,,,,-0.2851677634814589,-0.23510767467448002,,,,,,,,,,,,,,-0.3828167691261726,,,,,,,,,,,-0.38323525589689034,-0.33923312388476745,-0.2781007411900065,0.0,-0.15000000000000008,-0.30000000000000016,-0.44999999999999996,-0.6000000000000003
1990-12-31,,,,,,,,,,-0.259696693555159,,,,,,,,,,,-0.2829144656750451,-0.21231785206600584,,,,,,,,,,,,,,-0.36702962626062785,,,,,,,,,,,-0.3680977006468922,-0.3323470349574116,-0.27070712479383463,0.0,-0.14000000000000007,-0.28000000000000014,-0.41999999999999993,-0.5600000000000003
1991-12-31,,,,,,,,,-0.15152476856792596,-0.24792141180290805,,,,,,,,,,,-0.3485681242259462,-0.2053158627241931,,,,,,,,,,,,,,-0.34157445684400933,,,,,,,,,,,-0.34060711420493206,-0.32036154741903466,-0.2850346383856106,0.0,-0.13000000000000006,-0.2600000000000001,-0.3900000000000001,-0.5200000000000002
1992-12-31,,,,,,,,,-0.13810366978092148,-0.23115360445689426,,,,,,,,,,,-0.3879153049524193,-0.19500284877888507,,,,,,,,,,,,,,-0.3120691263080495,,,,,,,,,,,-0.31178817642546797,-0.30125303651225543,-0.26370210552063256,0.0,-0.12000000000000005,-0.2400000000000001,-0.3600000000000001,-0.4800000000000002
1993-12-31,,,,,,,,,-0.15336693249533884,-0.23551434463839804,,,,,,,,,,,-0.40067658250777605,-0.20264126607081323,,,,,,,,,,,,,,-0.2900669934970921,,,,,-0.31869883356820505,,,,,,-0.2896371043402617,-0.2802785523801514,-0.24955202549850775,0.0,-0.11000000000000004,-0.22000000000000008,-0.33000000000000007,-0.44000000000000017
1994-12-31,,,,,,,,,-0.1302246621505132,-0.18706622642631565,,,,,,,,,,,-0.36649887796681035,-0.1829242191609497,,,,,,,,,,,,,,-0.24653254396955404,,,,,-0.28740153250330813,,,,,,-0.24643022106784152,-0.25040408012198156,-0.2221684712326022,0.0,-0.10000000000000003,-0.20000000000000007,-0.30000000000000004,-0.40000000000000013
1995-12-31,,-0.18284275368685243,,-0.18685351243091652,-0.1916961186380748,-0.10617593266233882,-0.2423250230618681,-0.21853854247082793,-0.11711868827773309,-0.1618387918271953,-0.14817726998705272,-0.1634908189856823,-0.16891907623163593,-0.1707652147340788,-0.6249162639423549,-0.32710927395386147,-0.24608695901618471,-0.18078686104683062,-0.18985887288780035,-0.200143701242669,-0.3283487585794873,-0.16355044640221905,-0.4146829471722109,-0.336451047364303,-0.5321960260712464,-0.3129285764256302,-0.12540405834575807,,-0.5874905064259317,-0.2933417888270693,-0.65538668356665,,,,-0.2057214757905541,-0.21091024341977516,-0.3752367966022554,-0.19073142517372066,-0.2603573414019138,-0.647358432101611,-0.25236683491709666,-0.3276865887915177,-0.34868137140535627,,-0.2479160232359714,,-0.21132738040879673,-0.22291643240912862,-0.2075092809322321,0.0,-0.09000000000000008,-0.18000000000000016,-0.27,-0.3600000000000003
1996-12-31,-0.4313331651984793,-0.16213832995749566,,-0.1753703471033914,-0.12977939583102138,-0.10608007305134315,-0.2457844696469733,-0.1761970219875595,-0.10898858540722767,-0.1394085499401143,-0.1344140350333376,-0.14984571514779166,-0.15453371667099347,-0.15594970871431268,-0.5635015537724222,-0.30342278139940504,-0.22460148097015775,-0.16576033066368723,-0.17278435541043358,-0.18271049536167627,-0.29588634267920444,-0.15293428672399045,-0.34126645044211035,-0.3337300926814848,-0.4680175636360584,-0.2738582523147066,-0.11242011032469357,,-0.5299590370865515,-0.2914696020073011,-0.6195070039873403,,,,-0.1769184655764242,-0.16686186658575686,-0.3167862248859947,-0.1595691834176396,-0.23914094925354856,-0.5903053160655896,-0.2368494785073576,-0.29945736225521014,-0.28769886112700327,,-0.22545490344169572,,-0.1667111387834872,-0.1879145064091876,-0.182129059984387,0.0,-0.08000000000000007,-0.16000000000000014,-0.24,-0.3200000000000003
1997-12-31,-0.5407258183186228,-0.14191584802483792,,-0.1406970557817413,-0.26988041621411973,-0.08664446654057834,-0.23449124997131765,-0.18104827982033456,-0.09119597987581773,-0.112482480518171,-0.11068160729728227,-0.1258954673767798,-0.1305920949458308,-0.1314035315344686,-0.4272333606001366,-0.2642158788822142,-0.19343111812964509,-0.13809830549551183,-0.1473858641186352,-0.15377330476066042,-0.23687181137977031,-0.13150565468430386,-0.2773432568684866,-0.30238440793815613,-0.374087661444678,-0.22514968078838749,-0.0940164222914941,,-0.44373171501923725,-0.25156244201976197,-0.5208610476045705,,,,-0.14029470740575434,-0.12083993521411607,-0.25513948012850474,-0.12175636969080106,-0.2796979920253335,-0.5209476802815418,-0.20716227603115556,-0.24710328719599328,-0.23253536172785516,,-0.17964650261660964,,-0.12119339047482569,-0.1425691604019228,-0.15058524386213,0.0,-0.07000000000000006,-0.14000000000000012,-0.20999999999999996,-0.28000000000000025
1998-12-31,-0.4498185121353906,-0.1088411027382925,,-0.12332550463162928,-0.22757604747159377,-0.06015307886854071,-0.18731977403873667,-0.18416266701603767,-0.06948715978047204,-0.09295936137726457,-0.08392470124769513,-0.09897733697148237,-0.1029461376535048,-0.10402294715511218,-0.37509482612886735,-0.23194587456471716,-0.15518522634884935,-0.1098314105359357,-0.11922097345256688,-0.12455304088173413,-0.18635809215008958,-0.10099210928733271,-0.25288951406668314,-0.26229765258381477,-0.303354943016954,-0.1654948623446284,-0.07669991687298516,,-0.36429515939706114,-0.1995805756564888,-0.4487220615775924,,,,-0.10092847969533913,-0.10038251663891273,-0.20964227155471793,-0.07955297135369133,-0.30010095339130416,-0.48798141977356835,-0.16616541687020003,-0.214849427960087,-0.19346129476290042,-0.10893435309994359,-0.14618556598521693,,-0.10046382958209854,-0.11041611041902222,-0.1183627687092299,0.0,-0.06000000000000005,-0.1200000000000001,-0.17999999999999994,-0.2400000000000002
1999-12-31,-0.32215749803860216,-0.07375027046222282,,-0.09058327992820381,-0.3082393616539081,-0.04890359987156678,-0.14971532417591948,-0.16927385849420862,-0.04819137178251598,-0.06697965733874867,-0.05639490050676965,-0.07148458664513857,-0.07564517974356377,-0.07660253208958423,-0.3690945667607739,-0.2052963082523993,-0.11658819075924232,-0.0819269088576755,-0.09090081085615687,-0.09574199671658334,-0.14596511994276096,-0.072895074326774,-0.2586705273951715,-0.22906456416944998,-0.21445631204705684,-0.13827578039442123,-0.05994256820319954,,-0.3678255934855157,-0.1352545332665276,-0.41369927057710365,,,,-0.058512617224749874,-0.08684691073197293,-0.16296694023544944,-0.046507174341383184,-0.3010534720946385,-0.32739052826732795,-0.12566275645276903,-0.16316906934731001,-0.19481641454209697,-0.1575673412817249,-0.11695374194986208,,-0.0851077289586506,-0.09377164009915973,-0.08301120334235357,0.0,-0.050000000000000044,-0.10000000000000009,-0.1499999999999999,-0.20000000000000018
2000-12-31,-0.24841212031354853,-0.04494221287607836,,-0.05672792903325963,-0.25912215448540277,-0.0152528825576983,-0.10202347427045488,-0.12895465626995595,-0.020358514966625663,-0.03378261722635756,-0.021972782747777586,-0.037023794651775965,-0.041005451770956824,-0.041994283020065026,-0.28975048396028136,-0.17089639998547668,-0.06999211357695678,-0.04795399449218696,-0.054531355819932514,-0.060788912599058165,-0.09186308956735623,-0.03884034205743614,-0.21956337996241793,-0.18331782451963896,-0.1375465400489322,-0.10321628490220114,-0.022348964723470033,,-0.32728860482289246,-0.08126389489697683,-0.34657013970174155,,-0.056372031648260545,-0.021070740892995765,-0.024447324776662782,-0.06068702893245259,-0.11726547987600444,-0.01645551723422045,-0.2751262055939101,-0.2649218343681401,-0.08194023335336098,-0.13176138817878869,-0.18503418849673103,-0.10139269172052323,-0.08608639201820356,,-0.060893450761708934,-0.0728318112235975,-0.05397330564852432,0.0,-0.040000000000000036,-0.08000000000000007,-0.1200000000000001,-0.16000000000000014
2001-12-31,-0.1628034914890053,-0.035505046885205616,,-0.04914362102012326,-0.1878748186908643,-0.004549242950691479,-0.07453014421284632,-0.09549717962807769,-0.004814514528817426,-0.027841450646073795,-0.019929549395706125,-0.019929549395706125,-0.022869677878054162,-0.02353195550988474,-0.2261684953289258,-0.13560017653426648,-0.03715741543515705,-0.029836696264465168,-0.03534527842046309,-0.040396696736851645,-0.06829407629062967,-0.027235696302640555,-0.14982539357609603,-0.14121188060464718,-0.10134324762700331,-0.07729796699085512,-0.002999956379714064,,-0.2558138293775434,-0.062123288316823455,-0.27169823090116907,,-0.09178975501745867,-0.04712731291620198,-0.008774714936298444,-0.04529937766584702,-0.10496240033199555,-0.004461599958735185,-0.22149604608222617,-0.1966038428109247,-0.07129723891004147,-0.10569849077231908,-0.14839423527663786,-0.17624074570281678,-0.06283773755781485,,-0.04648582605285689,-0.06035535887502874,-0.054448358822152265,0.0,-0.030000000000000027,-0.06000000000000005,-0.09000000000000008,-0.1200000000000001
2002-12-31,-0.1154088441882255,-0.02580196104760546,,-0.0370248454570703,-0.12616054159520207,-0.012503128571801803,-0.049018058402820586,-0.07817301659441789,-0.007874682947726086,-0.026697681519978644,-0.01710833086474217,-0.01710833086474217,-0.01916286116514243,-0.01920031988535076,-0.15109648266907882,-0.10093151779160259,-0.025685728715764355,-0.023852175066465975,-0.02694711200361155,-0.030032502212034018,-0.05392453006741693,-0.023966154311398036,-0.09513640798957912,-0.09214531835277029,-0.061493976316736365,-0.08045361059816791,-0.0025375213260669938,,-0.18136923443970954,-0.04104278553532481,-0.18634468726983577,,-0.06966156274159907,-0.027188192955379442,-0.012844729334830163,-0.036930366655836266,-0.08567375310111469,-0.002186318945036625,-0.1337383292189651,-0.13430782475151481,-0.05215722654325283,-0.07443270427760051,-0.10444885806457815,-0.12464695259571101,-0.04548373352761814,,-0.036767208246786254,-0.04951484263871997,-0.0471003353395929,0.0,-0.020000000000000018,-0.040000000000000036,-0.06000000000000005,-0.08000000000000007
2003-12-31,-0.05786297703095933,-0.018837923149995994,,-0.030705642375021824,-0.07010283394880634,-0.019978319889539797,-0.0356167863758472,-0.045762185686147205,-0.012604338279301075,-0.02487262631903242,-0.01638088676226257,-0.01638088676226257,-0.017259813409757463,-0.017502571985959392,-0.07265897202592786,-0.04681567263184938,-0.015360155564108524,-0.017569292037101114,-0.021503272069288037,-0.020723352163785513,-0.03639192656467127,-0.02133616806975347,-0.04013014401675097,-0.050655040778874394,-0.048314481412365495,-0.0661702463700653,-0.007116055324252635,,-0.07420422386333847,-0.027744040765445455,-0.09430526046214638,,-0.048930067559848744,0.002462272820209499,-0.016372982122258684,-0.03346890855667084,-0.0502223357067999,-0.014901350174787886,-0.10472296296762895,-0.08876665331252198,-0.03698496094565229,-0.044157155612267296,-0.05111819446345578,-0.08108540176460721,-0.017748398965129475,,-0.033451290247061394,-0.04401209849090293,-0.028720815495048235,0.0,-0.010000000000000009,-0.020000000000000018,-0.030000000000000027,-0.040000000000000036
2004-12-31,0.0,0.0,,0.0,0.0,0.0,0.0,0.0,0.0,0.0,0.0,0.0,0.0,0.0,0.0,0.0,0.0,0.0,0.0,0.0,0.0,0.0,0.0,0.0,0.0,0.0,0.0,,0.0,0.0,0.0,,0.0,0.0,0.0,0.0,0.0,0.0,0.0,0.0,0.0,0.0,0.0,0.0,0.0,,0.0,0.0,0.0,0.0,0.0,0.0,0.0,0.0
2005-12-31,0.058893601091588366,0.016242115598016582,,0.017620945324910764,0.07179866024134984,0.02115439459208268,0.033201024810983526,0.05914038508305808,0.010178890396971951,0.02045020019164845,0.010762357147036994,0.010762357147036994,0.012102508528068157,0.012275581910949462,0.09620210225408332,0.002980333708275218,0.016343936815361282,0.013413658169274534,0.015532014171593111,0.01702185597329464,0.024112840146826464,0.011406833737417799,0.040950481795619,0.044096674131218094,0.033266574272276195,0.043821701029644444,0.0017450655096631351,,0.0918509824197038,0.00894030578544136,0.11952201002058782,,0.051494814590717475,0.022258601861390837,0.017674140196013433,0.01976734148923498,0.0326377535756146,0.006382509397514724,0.05183869682936937,0.05683770460291804,0.023826884602607734,0.03620184951978356,0.0629650883960915,0.0740291914488882,0.021304887488650337,,0.020327151113781028,0.03958457577964758,0.024956831724683326,0.0,0.009999999999999898,0.019999999999999796,0.030000000000000027,0.03999999999999959
2006-12-31,0.12256794296477658,0.043120318689831905,,0.03627556243892194,0.14323372503574383,0.05483179410315664,0.06276933924336348,0.1201031324556503,0.05019079397202475,0.054548778936236886,0.0377071326379248,0.0377071326379248,0.03984080403699597,0.040302311830231474,0.1955283213300616,0.05522036080494175,0.039754138185505994,0.0395378590111326,0.047000126982345236,0.046628000504446376,0.059495766219672674,0.031214457362638726,0.09068646693475824,0.0842359534779007,0.055915811628030276,0.08142645266993576,0.01565081762841558,,0.17863219154630983,0.05196348450051058,0.24906235620376993,,0.10713623000821926,0.04133331830595122,0.0509603539127772,0.035907737274156304,0.09357692861123645,0.020343131366524325,0.13447708557443772,0.11054826119388927,0.06332228543859841,0.0901351581427079,0.14347828272690233,0.12843779375754671,0.04105836524065776,,0.037605422768072216,0.08120192084630062,0.04290204894432925,0.0,0.019999999999999907,0.039999999999999813,0.06000000000000005,0.07999999999999963
2007-12-31,0.18821724556951835,0.0770045536437527,,0.06495543833471995,0.2132776344748306,0.08434285293699073,0.09110946644394424,0.16808757018535303,0.08092412224416634,0.06003138150777687,0.05803008003845722,0.060700083015179374,0.06403694416097938,0.06483572228733525,0.2737227555258901,0.08478121695688312,0.055127144984860266,0.06059448351672181,0.07420891851342937,0.07201283930509206,0.10715297601674578,0.05033268940888824,0.1405576042342167,0.08909987334454783,0.07760008079861791,0.13724489420092567,0.02406189838261863,,0.2960392636399698,0.11361425760930555,0.3564719402691088,,0.17558179071209512,0.08690944392065081,0.08693422409919638,0.05437067202491619,0.15951613970955325,0.04291991063797074,0.21902623177055514,0.17701317582562126,0.08815464045836663,0.1536513238960513,0.24536498342534774,0.1653454756628383,0.056121811823740764,,0.057358679166851445,0.12775857141990876,0.05316425143954806,0.0,0.029999999999999916,0.05999999999999983,0.08999999999999986,0.11999999999999966
2008-12-31,0.26821200216888386,0.08825213243388763,,0.06138824677333421,0.2779026796190669,0.10031941590905369,0.10188355211837674,0.18355004669793828,0.0926051658096938,0.04996808007855691,0.05572081696758069,0.059125311358245725,0.06343868385966189,0.06415957837729813,0.22504143797682996,0.07862358642490541,0.04631556324602304,0.05692936211750421,0.07716772780149483,0.07298127586220282,0.11032460308134961,0.048421007794033244,0.16081773052649595,0.10073565563978448,0.01021446150251304,0.14066208940057656,0.006077020489263063,,0.3315465203795025,0.09296542940300156,0.3325918021424652,,0.23461051012930056,0.12375776353969581,0.10381386500995937,0.04672499233158511,0.20242821221473228,0.04473156992500282,0.3247291183367791,0.2362842843537134,0.07103648429065501,0.18522328311449687,0.2984145723871796,0.16082675578069594,0.04542619581260343,,0.05019762502442049,0.1336473868937773,0.04486783300235686,0.0,0.039999999999999925,0.07999999999999985,0.11999999999999988,0.1599999999999997
2009-12-31,0.3079403547221773,0.049379083255606915,,0.03296648965394944,0.24864478908893695,0.06576570505702772,0.05440919668526245,0.12848351301492755,0.03923194658837126,-0.006496499197945482,-0.0025448930259122093,0.01111963462736476,0.014655033384564753,0.015400295262831598,0.06857894458075986,0.03242963025885093,-0.00037003209095232137,0.008754964922164987,0.03044841767107087,0.02607133363285019,0.021301029047934072,0.014939787443858599,0.08699474861961232,0.032509743121003964,-0.05164489495739044,0.05747036777685288,-0.054175415335515176,,0.18216883694323638,0.04183769842969021,0.17475612665639328,,0.23749833626741879,0.10220327222778369,0.061356868847019186,0.01442809470962736,0.21859961930219907,0.012362128452789278,0.27665684521834066,0.21261474307757133,0.019073361909441644,0.09639868285635789,0.23991970794415796,0.09781909901425578,-0.003819202554670831,,0.017593143211147577,0.10332071467580839,0.009970053304088289,0.0,0.04999999999999993,0.09999999999999987,0.1499999999999999,0.19999999999999973
2010-12-31,0.34930491716963985,0.06497944001852307,,0.052139082379568435,0.27064142813315684,0.0900000785164865,0.05081731229577091,0.15280827203543446,0.08245556177399482,0.004727290792796879,0.016317165943597445,0.029635902391592417,0.03346396863589973,0.034367857431265136,0.09494866637733246,-0.02551694720925113,-0.00372874104676324,0.026743098068952698,0.05039681076489,0.0449075243698287,0.047920708864111816,0.030059126449899942,0.07676895120402172,0.04538673300227458,-0.039660786494601474,0.04073146032141217,-0.04335424757217421,,0.20699644161243658,0.06027821879609352,0.15852858934438618,,0.2769411022413353,0.15738640787892066,0.0693807072572632,0.009913838642811257,0.24885354850943386,0.028965489782216913,0.24272966397647444,0.22391887394262788,0.06637723540986329,0.10416319306411825,0.3024170902275678,0.16325274664153255,0.00877234884750866,,0.013274151778631449,0.11087896213913062,0.02816337519650869,0.0,0.05999999999999994,0.11999999999999988,0.17999999999999994,0.23999999999999977
2011-12-31,0.37714178915591745,0.09061288294067982,,0.055894702528374474,0.3162671536832571,0.09907828384711781,0.02965248424238176,0.17233635338261166,0.11931075032217375,0.013650011862443634,0.028303476848791753,0.04359325924647006,0.04837243859699569,0.04885403365671781,0.1706063136045417,-0.13081293047668296,-0.013576076333210452,0.039494746578140116,0.06815330116287299,0.060657509886933525,0.06683527072525486,0.04940989713124111,0.07941125395819171,0.06721617498196863,-0.027287285294622876,0.06602955804338428,-0.04000490645231025,,0.2911328783212799,0.04744104896012313,0.2072875163184449,,0.30463813995892597,0.16300846778480782,0.08234518518452649,0.007912025327074801,0.2997115053941748,0.012586453035200229,0.29155505402358184,0.2516326453014308,0.08990294404009624,0.10863066520814346,0.33510489985410175,0.25509804219068144,0.013018978436890372,,0.011931884879528454,0.11708324535887549,0.03578739615694282,0.0,0.06999999999999995,0.1399999999999999,0.20999999999999996,0.2799999999999998
2012-12-31,0.3928676923441081,0.09224647960859222,,0.057105449172515144,0.32936437027307974,0.09993284619289611,-0.020541715435717478,0.16361927427407252,0.12217996524656716,0.009909986955641159,0.01665856529794052,0.03197669544990056,0.03727844116975021,0.03781527041836075,0.21024479714865318,-0.198769266939542,-0.04307973980253976,0.031103146527691194,0.05908963333640571,0.05423549038752462,0.046768084506457086,0.04650961419679689,0.0595808420031636,0.059578341515447164,-0.03537495586652639,0.07023092499516004,-0.07442644487632144,,0.3468835124844043,0.040871658136524935,0.28985420581336285,,0.3040104872040068,0.19523010429678855,0.06888711290397698,0.021496984472898717,0.31463942874169426,-0.025870843725530612,0.3151416498797941,0.24964437523546756,0.07851509116025923,0.0769478144052238,0.3463497838337748,0.2891706087009478,0.020700700963338647,,0.025468875965815485,0.14093436731086584,0.05065430609231392,0.0,0.07999999999999996,0.15999999999999992,0.24,0.31999999999999984
2013-12-31,0.40465156019267035,0.08378559977565914,,0.05704576760282265,0.32953846671770126,0.10600929586138097,-0.08655562139054762,0.16364029637567867,0.12317115089557618,0.019738072569408516,0.013026563714220174,0.028181044780824394,0.03407669080853637,0.03474142931270574,0.23162006099773258,-0.21695531119860956,-0.053791380742199024,0.031415212514532165,0.058065617393830316,0.055761139537381155,0.03223222892148314,0.04933261242088438,0.06003818152499285,0.0838235414225359,-0.018723040695466153,0.104319018751168,-0.09488180861143025,,0.39623714952854794,0.04642251453363144,0.32083003664427423,,0.3365087838581253,0.24333735161122405,0.0656058340428416,0.019516415281938038,0.32232470087356635,-0.02978015171671533,0.32147843112285024,0.2830252482310254,0.08129456084014208,0.0674045014869078,0.3514942580825684,0.35780730930396665,0.03600112916031417,,0.022599722841876613,0.15023724066564625,0.06411012232877322,0.0,0.08999999999999997,0.17999999999999994,0.27,0.3599999999999999
2014-12-31,0.42431944763619,0.08351951512018374,,0.0680693701594981,0.3449461231803568,0.1171255297536975,-0.09336069219468612,0.1856962321504696,0.14052248542637447,0.027074482762770913,0.02125899747947635,0.03994557091532247,0.04611040246794662,0.047021539379865196,0.26748088398522185,-0.2059445422795596,-0.035365107668258844,0.044505234867540544,0.07229258515359671,0.07138861450451017,0.023366486058791658,0.054120551424779784,0.06047931003987994,0.13027847909800272,0.06349383937658981,0.10978384622410964,-0.09497251750146773,,0.44146219024855426,0.04870726524562308,0.35082192261827405,,0.37486346772403056,0.2964085911695493,0.07795975482426076,0.028638601833776534,0.3612057088542979,-0.01755280720708363,0.365297461243272,0.27186336375501163,0.09381392535983046,0.09371625552871254,0.3771276795584644,0.3922037895550874,0.05663977014341093,,0.0309793835712302,0.16109945840775808,0.08118689010843028,0.0,0.09999999999999998,0.19999999999999996,0.2999999999999998,0.3999999999999999
2015-12-31,0.4491797775074531,0.08640529548795861,,0.08255957228307675,0.3847194733012653,0.12108164773514396,-0.05411691363588478,0.2337397624347073,0.14820185184580126,0.041014683273576935,0.03376437733648707,0.05710192340692544,0.06392274023918709,0.06480197525898657,0.28753681050512725,-0.20115669840921946,0.00540602872228213,0.061980155154541805,0.09339712112739118,0.0915976654063515,0.024535847194285587,0.06046141113386749,0.09276007970512357,0.16981899975311698,0.27437207983562395,0.1435950739157601,-0.08450417632525031,,0.4779074362470386,0.051566435025297785,0.39646265057614016,,0.4153533258021982,0.36449636517414863,0.09438503529789433,0.03677775882969492,0.405373492234709,0.0019524728490489807,0.40136518700654733,0.29487869642808384,0.12650199929542083,0.11665490258821531,0.42710491811850115,0.4382150828204132,0.07199684759840341,,0.03846941840712681,0.16399989027856776,0.10236841104349192,0.0,0.10999999999999999,0.21999999999999997,0.33000000000000007,0.43999999999999995
2016-12-31,0.48339667283094556,0.09456169302538342,,0.09022848184673915,0.4216536688970507,0.13089205282831617,0.004995661963746123,0.2586417225435049,0.1628828830001945,0.06315977145380636,0.048582702895623164,0.07161615020611922,0.07874106579832318,0.07979830749902472,0.3157947273552626,-0.20212121149860618,0.033188290723522584,0.07569328255534646,0.11037589569949713,0.10756423504312718,0.04718291480400261,0.06519541425463071,0.13678499619617934,0.19779377981378943,0.27456019801050147,0.19003951618805637,-0.07046738935951158,,0.5159127779595627,0.0746256232610989,0.43039006741390917,,0.4466473265343067,0.3818532409903881,0.11315580063271646,0.03953369974252041,0.4359205999462583,0.02440423801442737,0.43541356542923904,0.332964011742126,0.13716478469995685,0.1457032453530882,0.44434312725652525,0.457294893838033,0.08078735269206483,,0.035960559072165665,0.15923941261319818,0.11268661885378606,0.0,0.12,0.24,0.3599999999999999,0.48
2017-12-31,0.5216253230522021,0.11081254458380752,,0.10245186084378943,0.4557229104519269,0.13507462440300078,0.051265457717586393,0.30839414097232876,0.18597764552721685,0.08693585981764151,0.07212751548959684,0.09461316457923363,0.10228587839229686,0.10357336184273613,0.37081490513323256,-0.18904196918412008,0.059999717822875276,0.09607627266951901,0.13633832124283618,0.13152748055596586,0.07733782090454966,0.0817561256669439,0.17990491140797804,0.24160339199897507,0.35588645225936855,0.20713108726113383,-0.0528166552730962,,0.57316105813499,0.06591029175874841,0.47318144702603426,,0.4614379566394957,0.4759913263682245,0.1346376358087369,0.05606044060067106,0.48623669067441355,0.05851375888031196,0.5199637077720594,0.3590810245960938,0.14176753965708677,0.19540432427977183,0.4722301666114852,0.516722478146554,0.09238134935337783,,0.05630616564330282,0.17576279493637514,0.13007465449194822,0.0,0.13,0.26,0.3900000000000001,0.52
2018-12-31,0.5635064122737674,0.130471139160365,,0.1155367350574732,0.48988132924701944,0.15608150748189065,0.09403346071439422,0.33504806003793064,0.1941887607204631,0.1003982363175524,0.08696411769522072,0.10849460415781742,0.11712248059792074,0.11857636176579778,0.40450580632437827,-0.17050767866552086,0.07911002971914805,0.10895437972014577,0.1546239351303651,0.14782773079865308,0.08785428198535516,0.09344858524234301,0.21863342375056494,0.2981823658733447,0.4143575377683417,0.22998090101781266,-0.04235578608324975,,0.6296817986051666,0.058378143134732774,0.5235967345589909,,0.4949182464860078,0.5097571449410294,0.15118396256548916,0.05770680824707419,0.5471253624076295,0.08817471846950653,0.5839203387370997,0.4085123570374094,0.14900709960549996,0.23540015923496327,0.5101006463148883,0.5327994974845538,0.09876206001464105,,0.0611417727788659,0.19167882111467804,0.15338937710170342,0.0,0.1399999999999999,0.2799999999999998,0.41999999999999993,0.5599999999999996
2019-12-31,0.5884297840727619,0.14336066219798838,,0.1321978002296449,0.536158285741001,0.16036049412432352,0.1344229367338139,0.3685522798135459,0.2016340886620247,0.1133819097472415,0.09986936356442122,0.12103928601724068,0.13002772646712124,0.13168864768249122,0.4368522932237129,-0.15090060063484412,0.09041824151805056,0.12083463501827651,0.17092474659998302,0.16302020228221004,0.10036119597318383,0.10980615964696483,0.2587878372520249,0.3489591924913853,0.4479349104935446,0.23121209029297063,-0.0357491565713568,,0.6783820271439209,0.06648032473747012,0.5365581119930143,,0.5400514080890799,0.5087992555926606,0.16733783622580578,0.062140265498333846,0.5925611826810027,0.11291513120771857,0.6263900533751041,0.4562911093808939,0.16404800087648752,0.2616358873576141,0.5339632061477868,0.5267583852297033,0.10686122242353058,,0.06625848306466509,0.2090010893766241,0.1737035100386235,0.0,0.1499999999999999,0.2999999999999998,0.4500000000000002,0.5999999999999996
2020-12-31,0.5607666060984258,0.07372813898753439,,0.07341110889258307,0.5019466680688129,0.13118537159078425,0.08803300288328497,0.31861201240840487,0.15900100690329033,0.09322428097408597,0.03563178494036734,0.055945096428359875,0.06579014784306736,0.06722790677796109,0.40437086910179243,-0.24676770533638326,-0.030737611925019337,,0.1121534196120395,,0.0734031528509771,0.02901068603036805,0.17412012079210548,0.30712543388381874,0.5037183239221745,0.14685068077724317,-0.12346602761643766,,0.6790980444939843,0.0419270899066575,0.5077184679321922,,0.5028352799665852,0.45252236330083573,0.12228510839448248,0.04349950299927663,0.5728767775358117,0.024693058000960555,0.5939225549072402,0.45386579885414946,0.13656375133837884,0.21358840736902707,0.498329960937542,0.5354964811612195,,,0.04030296999356864,0.1665387896569097,0.14805804768318165,0.0,0.15999999999999992,0.31999999999999984,0.48,0.6399999999999997
2021-12-31,,0.11669263585637335,,0.13632853017056767,0.5838941022178199,0.17630167435801702,0.1733713593661399,0.35824198186007905,0.1946461505658288,0.1602267607754122,0.09498889762628959,0.11523503849434213,0.1251472605289896,0.12743114015547352,0.4727696623196902,-0.1604434440687612,0.03379540845071638,,0.17342600066885616,,0.09842758075554325,0.09186890789741575,0.31943860402773616,0.3800045565369956,0.6429507370932219,0.18301523754935722,-0.03285664042988046,,0.74127643422979,0.09546544775970123,0.5836867269964738,,0.5572487578570486,0.5731131329231589,0.17796028873832626,0.0764502435663843,0.6448020679107422,0.07644063560925751,0.6583588091509105,0.5377292331569574,0.1882282048538908,0.2915906252680749,0.5490691216455659,0.6346100361024476,,,0.07640296639461575,0.2060518798081521,0.20524014675809443,0.0,0.16999999999999993,0.33999999999999986,0.5099999999999998,0.6799999999999997
2022-12-31,,0.1569474859391482,,0.15798446534267363,0.6842827577397701,0.1931725218271758,0.2088454317166546,0.3619788365845267,0.20098152734133112,0.16666992815721748,0.12271283133320932,0.14324904521498194,0.15287119423590934,0.15548905481248632,0.47191662440859705,-0.1007696284019195,0.08483676832416176,,0.20258485750329402,,0.11006143620371223,0.11441894574855116,0.4002259773441308,0.4244220632643305,0.7046409704685521,0.24589395869645436,0.014671721065685261,,0.7581176549803059,0.08734610506568075,0.6008162883343626,,0.5873363586728226,0.5875608149217246,0.21719620340979962,0.09704907862958301,0.7048166127653284,0.13803168720264392,0.7024596049985661,0.5880814974676198,0.193520014457782,0.31756014247987974,0.5586471932067925,0.6786352068732695,,,0.09845564313678956,0.23613261160689447,0.2262698769289102,0.0,0.17999999999999994,0.3599999999999999,0.54,0.7199999999999998
2023-12-31,,0.13877938534759515,,0.16472914189474075,0.7059113958494123,0.1853428452943504,0.21765530983386228,0.35017094316510367,0.1897707364367056,0.18429141521734316,0.11496448279738569,0.1414520336930094,0.15095864354884547,0.15401109357709863,0.4157605655718113,-0.07622033024974506,0.09873046169874655,,0.20263787392875265,,0.09458165255921358,0.12051547230554949,,0.41625593319993826,0.6294550865289006,0.2699577072584969,0.02193230842427152,,0.7477119701446711,0.05749838683737174,0.6204477029402122,,,0.620007676917683,0.20815054607292982,0.08638013180398829,0.7096420133442436,0.15284542685732827,0.7235980474363117,0.6194258946177147,0.18275667139765872,0.33321802220733066,0.5669519505612648,0.7244264363389581,,,0.0934617926044492,0.23536942744659406,0.2498092750758536,0.0,0.18999999999999995,0.3799999999999999,0.5699999999999998,0.7599999999999998
